ssnamenr,jd,fid,pid,diffmaglim,ra,dec,magpsf,sigmapsf,chipsf,magap,sigmagap,magapbig,sigmagapbig,distnr,magnr,fwhm,elong,rb,ssdistnr,ssmagnr,id,night,phaseangle,obsdist,heliodist,H,ltc
145627,2459424.8971412,2,1670397141315,19.55725860595703,342.6569297,-26.828226,19.311038970947266,0.15293432772159576,1.1408342123031616,19.370399475097656,0.34439998865127563,18.98780059814453,0.3111000061035156,9.771748542785645,22.503999710083008,1.9900000095367432,1.1118597984313965,0.7885714173316956,1.0,19.299999237060547,ZTF21abploqk,20210729,4.8097,5.6054881479847,6.486053714235,11.098566320086508,-0.03238294712873888
145627,2459425.9394329,2,1671439430015,18.56165313720703,342.5744121,-26.8921799,16.98300552368164,0.07139105349779129,5.873416423797607,17.104000091552734,0.10320000350475311,17.019899368286133,0.12110000103712082,0.39682117104530334,15.042999267578125,1.2690433263778687,1.154362440109253,0.5071428418159485,28.0,19.299999237060547,ZTF20acaenrj,20210730,4.6946,5.59658025298626,6.48410518884,8.780770945802528,-0.03233148615243362
145627,2459426.9240625,2,1672424061315,19.777746200561523,342.5009571,-26.9658687,19.67180061340332,0.20095296204090118,1.9091053009033203,20.30780029296875,0.6597999930381775,20.66230010986328,1.1734000444412231,11.969012260437012,22.700000762939453,1.690000057220459,1.115517258644104,0.6214285492897034,1.0,19.299999237060547,ZTF21abpxdbl,20210731,4.5863,5.58841735112523,6.482263710811,11.4791746296798,-0.032284329007078165
145627,2459430.8553356,2,1676355330315,20.082191467285156,342.1753189,-27.2315461,19.02378273010254,0.13322292268276215,1.9205706119537354,18.936500549316406,0.13220000267028809,18.959699630737305,0.17239999771118164,2.147409439086914,22.378999710083008,2.140000104904175,1.1442440748214722,0.9114285707473755,1.0,19.200000762939453,ZTF21abrbfyl,20210804,4.1611,5.55832113136528,6.474904114505,10.868734246655881,-0.03211046291949902
145627,2459430.9180787,1,1676418070315,19.960649490356445,342.1697588,-27.2358566,19.556541442871094,0.17010875046253204,1.1248396635055542,19.426000595092773,0.19519999623298645,19.596099853515625,0.2919999957084656,10.584823608398438,22.78499984741211,3.6700000762939453,1.1715975999832153,0.7057142853736877,1.0,19.200000762939453,ZTF21abrdnxo,20210804,4.1545,5.55787370639472,6.47478656185,11.402077155362331,-0.032107878142083886
145627,2459439.8763773,2,1685376370215,19.570819854736328,341.3268627,-27.8233099,18.997392654418945,0.14517728984355927,1.3658268451690674,18.789600372314453,0.17579999566078186,18.544099807739258,0.17990000545978546,3.6520583629608154,22.236000061035156,3.0299999713897705,1.1294387578964233,0.7699999809265137,1.0,19.200000762939453,ZTF21abtapon,20210813,3.31,5.50500383691866,6.457972831287,10.91871243557246,-0.031802448509062164
145627,2459769.9210301,1,2015421033915,19.96983528137207,9.882566,-16.8831619,19.611114501953125,0.1715625375509262,1.0245189666748047,19.491199493408203,0.19020000100135803,19.457300186157227,0.2362000048160553,6.168536186218262,22.68600082397461,4.230000019073486,1.2037252187728882,0.6628571152687073,0.0,19.399999618530273,ZTF22aastfrp,20220709,9.7864,5.47911986972265,5.807932947227,11.460121850969854,-0.031652916636179376
145627,2459788.9710185,1,2034471012015,20.35382843017578,10.4681316,-17.8292633,19.788482666015625,0.1960391253232956,1.3812776803970337,19.669200897216797,0.20659999549388885,19.64550018310547,0.25859999656677246,9.260247230529785,22.924999237060547,2.880000114440918,1.21159029006958,0.7699999809265137,0.0,19.200000762939453,ZTF22aaxjjgh,20220728,8.7266,5.18714467317804,5.769462816006,11.81476619747379,-0.029966173732975394
145627,2459807.8663079,2,2053366300415,19.47867774963379,10.0706858,-19.0773185,18.976787567138672,0.1384223997592926,0.9882944226264954,19.04640007019043,0.28929999470710754,19.03849983215332,0.36880001425743103,16.346967697143555,20.275999069213867,2.0,1.223938226699829,0.7785714268684387,0.0,19.0,ZTF22abarape,20220816,6.9204,4.9484602203286,5.73132379827,11.19954767544213,-0.028587291856317733
145627,2459813.8356366,1,2059335630415,20.094404220581055,9.74579,-19.5045178,19.67644691467285,0.1687995344400406,0.7120457291603088,19.75040054321289,0.22609999775886536,19.530899047851562,0.23659999668598175,14.059893608093262,23.285999298095703,3.630000114440918,1.02765953540802,0.7971428632736206,0.0,19.0,ZTF22abccjzc,20220822,6.2485,4.88764677331557,5.719282629655,11.962262692133088,-0.0282359721162078
145627,2459815.9203241,1,2061420320515,20.520282745361328,9.6106517,-19.6547436,19.86819076538086,0.15230433642864227,1.619917631149292,19.619199752807617,0.17900000512599945,19.41390037536621,0.18979999423027039,9.12849235534668,22.80500030517578,1.7899999618530273,1.0134128332138062,0.7400000095367432,0.0,18.899999618530273,ZTF22abcrsct,20220824,6.0101,4.86831865208983,5.715078572461,12.175738750880418,-0.028124313414730387
145627,2459817.9068056,1,2063406800515,20.343935012817383,9.4723724,-19.7977388,19.35309600830078,0.09923260658979416,0.8364296555519104,19.373199462890625,0.15970000624656677,19.33679962158203,0.1973000019788742,5.940192699432373,22.966999053955078,2.1700000762939453,1.0705705881118774,0.9442856907844543,0.0,18.899999618530273,ZTF22abdfyzr,20220826,5.7833,4.85086567807092,5.711073147378,11.681097388294681,-0.028023487452749393
145627,2459817.8797106,2,2063379710515,20.30472183227539,9.4744106,-19.7957566,18.859556198120117,0.10960470139980316,5.999913215637207,19.011699676513672,0.1298000067472458,18.995399475097656,0.16349999606609344,8.554839134216309,22.756000518798828,2.440000057220459,1.0649572610855103,0.9057142734527588,0.0,18.899999618530273,ZTF22abdfest,20220826,5.7863,4.85109728805151,5.711127776176,11.187284809742287,-0.028024825465346678
145627,2459819.9606944,2,2065460690615,20.383787155151367,9.3194519,-19.9450295,18.601276397705078,0.06871069967746735,5.233820915222168,18.542999267578125,0.07119999825954437,18.445100784301758,0.0828000009059906,7.26309061050415,20.62700080871582,2.190000057220459,1.0150272846221924,0.9685714244842529,0.0,18.899999618530273,ZTF22abduamr,20220828,5.5508,4.83383605750303,5.706932437823,10.950074692652167,-0.027925107206834374
145627,2459822.8780324,1,2068378030615,20.182558059692383,9.0864197,-20.1525206,19.656280517578125,0.19056899845600128,1.4815036058425903,19.491600036621094,0.17829999327659607,19.527599334716797,0.23579999804496765,11.850959777832031,22.951000213623047,3.3299999237060547,1.1755634546279907,0.7171428799629211,0.0,18.899999618530273,ZTF22abegjsg,20220831,5.228,4.81146859182778,5.701052149073,12.033783972497448,-0.027795890189646334
145627,2459822.9731944,2,2068473190615,20.010570526123047,9.0782099,-20.1591918,18.988855361938477,0.1014026328921318,1.0918259620666504,18.97330093383789,0.1460999995470047,18.936100006103516,0.1808999925851822,4.1114912033081055,21.72599983215332,2.319999933242798,1.180124282836914,0.9285714030265808,0.0,18.899999618530273,ZTF22abehgvt,20220831,5.2177,4.81077558610746,5.700860361071,11.36727403204227,-0.027791886690395493
145627,2459824.8986921,1,2070398690615,20.47327995300293,8.9141103,-20.2944453,19.539295196533203,0.1427263766527176,2.1238186359405518,19.546100616455078,0.17020000517368317,19.450599670410156,0.19939999282360077,12.1483793258667,22.329999923706055,2.5299999713897705,1.0818897485733032,0.8714285492897034,0.0,18.899999618530273,ZTF22abeuoaj,20220902,5.0127,4.79725733741199,5.696980078676,11.935923106019724,-0.027713791666158234
145627,2459829.8777315,1,2075377735615,19.5165958404541,8.45581,-20.6353878,19.41191864013672,0.17505739629268646,0.9202077984809875,19.438800811767578,0.3458999991416931,19.322500228881836,0.3991999924182892,12.669678688049316,21.94099998474121,2.2300000190734863,1.1387560367584229,0.7900000214576721,0.0,18.799999237060547,ZTF22abfqqks,20220907,4.529,4.76682637689109,5.686949375187,11.851928464281752,-0.02753799177868914
145627,2459839.8701852,1,2085370185715,20.04514503479004,7.4148122,-21.2635697,19.085779190063477,0.10494699329137802,1.324877142906189,19.11280059814453,0.15520000457763672,19.046899795532227,0.18709999322891235,13.784353256225586,23.003000259399414,2.819999933242798,1.090651512145996,0.9257143139839172,0.0,18.799999237060547,ZTF22abfzpcu,20220917,3.9206,4.72603589273609,5.666833757939,11.586057977750531,-0.027302344845384692
145627,2459839.8167014,1,2085316705715,20.040496826171875,7.4209076,-21.2605053,19.141067504882812,0.10920204967260361,1.7569596767425537,18.974899291992188,0.13989999890327454,18.884599685668945,0.164900004863739,11.331780433654785,23.003000259399414,2.4600000381469727,1.070719599723816,0.8871428370475769,0.0,18.799999237060547,ZTF22abfypix,20220917,3.9221,4.72618051156517,5.6669413669,11.641152630959255,-0.027303180309446392
145627,2459843.8984375,2,2089398435815,20.150075912475586,6.9610853,-21.4877766,18.507192611694336,0.08137129992246628,2.704254627227783,18.35140037536621,0.07010000199079514,18.42729949951172,0.09549999982118607,12.28050708770752,21.72800064086914,2.369999885559082,1.0654546022415161,0.904285728931427,0.0,18.700000762939453,ZTF22abhazyt,20220921,3.8772,4.71746121756358,5.658730889578,11.01701509440015,-0.027252808882516348
145627,2459843.8352315,1,2089335235815,20.34012794494629,6.9684941,-21.4844098,19.02954864501953,0.0985180214047432,2.6764426231384277,19.13920021057129,0.11940000206232071,19.206499099731445,0.16189999878406525,18.241016387939453,23.222999572753906,2.630000114440918,1.0559896230697632,0.9385714530944824,0.0,18.700000762939453,ZTF22abgzvjp,20220921,3.8769,4.71756033460849,5.658857998825,11.539293998605153,-0.027253381482429173
145627,2459848.8568403,1,2094356846315,20.308902740478516,6.3866508,-21.7350583,19.060474395751953,0.11511639505624771,2.228428602218628,18.87459945678711,0.09759999811649323,18.79599952697754,0.11599999666213989,14.256878852844238,16.059999465942383,3.369999885559082,1.1799265146255493,0.6957142949104309,0.0,18.700000762939453,ZTF22abijtqe,20220926,4.0054,4.71321528112038,5.648762525854,11.568746371642513,-0.027228280075796536
145627,2459850.8790509,1,2096379056315,20.325847625732422,6.1493852,-21.825725,18.999492645263672,0.09747353196144104,1.8913027048110962,19.067800521850586,0.12150000035762787,19.028900146484375,0.14970000088214874,12.315327644348145,22.757999420166016,2.2200000286102295,1.1959564685821533,0.8828571438789368,0.0,18.799999237060547,ZTF22abiymqf,20220928,4.1114,4.71348152065756,5.644698919407,11.503207597007863,-0.027229818143602313
145627,2459850.8144676,2,2096314466315,20.097047805786133,6.1571432,-21.8229108,18.492589950561523,0.06664776057004929,2.094277858734131,18.50830078125,0.08009999990463257,18.544700622558594,0.10540000349283218,3.7927815914154053,22.52899932861328,2.8399999141693115,1.0531777143478394,0.9614285826683044,0.0,18.799999237060547,ZTF22abixllf,20220928,4.1076,4.71345520130873,5.644828681682,10.996481072380655,-0.02722966609652646
145627,2459852.8516204,1,2098351626315,20.54802131652832,5.9174339,-21.9081516,19.07706069946289,0.09644404798746109,3.4323816299438477,19.003299713134766,0.0917000025510788,18.931499481201172,0.10909999907016754,11.337964057922363,23.07200050354004,2.1700000762939453,1.069862961769104,0.9642857313156128,0.0,18.799999237060547,ZTF22abjobsc,20220930,4.2411,4.71484902868943,5.640736138217,11.574412363842583,-0.027237718247772557
145627,2459858.8158681,2,2104315866215,19.296751022338867,5.2193342,-22.1186557,19.000444412231445,0.13879577815532684,1.5334417819976807,18.688899993896484,0.19769999384880066,19.088699340820312,0.36629998683929443,8.979557991027832,21.201000213623047,2.690000057220459,1.2289669513702393,0.4757142961025238,0.0,18.799999237060547,ZTF22ablkiwi,20221006,4.76,4.72553399277412,5.628761036522,11.46926405215931,-0.02729944536553507
145627,2459895.775787,1,2141275785415,19.12027931213379,1.9089097,-21.9763861,19.085969924926758,0.20175659656524658,1.147384762763977,18.734600067138672,0.21570000052452087,18.672800064086914,0.26159998774528503,9.270657539367676,23.238000869750977,5.789999961853027,1.2719626426696777,0.37714284658432007,0.0,19.0,ZTF22abtizip,20221112,8.8138,4.98451699292887,5.554823829174,11.277418604829531,-0.028795592102419814
145627,2459895.6690741,2,2141169075415,19.574649810791016,1.9143581,-21.9803773,18.71266746520996,0.11033652722835541,1.630450963973999,18.711200714111328,0.15399999916553497,18.749399185180664,0.2045000046491623,6.378806114196777,22.78499984741211,3.4600000381469727,1.0397515296936035,0.8414285778999329,0.0,19.0,ZTF22abthjec,20221112,8.8046,4.9833809600642,5.555036523064,10.904916285106829,-0.028789029232028886
145627,2459897.711794,2,2143211795415,19.569406509399414,1.8190471,-21.9005883,18.90523338317871,0.13811133801937103,1.5862032175064087,18.77829933166504,0.1467999964952469,18.784500122070312,0.1891999989748001,12.594046592712402,22.35099983215332,3.059999942779541,1.0745216608047485,0.727142870426178,0.0,19.100000381469727,ZTF22abtqdbn,20221114,8.9771,5.00541886814586,5.550965981508,11.082236058539866,-0.028916342392523744
145627,2459897.6472685,1,2143147265415,19.918088912963867,1.8220724,-21.9031393,19.423982620239258,0.13695180416107178,1.0360554456710815,19.57509994506836,0.2328999936580658,19.299299240112305,0.23170000314712524,4.695805072784424,21.541000366210938,3.069999933242798,1.0780234336853027,0.8942857384681702,0.0,19.100000381469727,ZTF22abtpkqc,20221114,8.9718,5.00471347842105,5.551094533108,11.601463215674077,-0.02891226735078596
145627,2459899.6697338,2,2145169735415,19.281097412109375,1.7389741,-21.8174827,18.6873836517334,0.16671286523342133,1.5916682481765747,18.71150016784668,0.1379999965429306,18.924100875854492,0.2150000035762787,10.470430374145508,21.979999542236328,5.909999847412109,1.1883288621902466,0.3757142722606659,0.0,19.100000381469727,ZTF22abubshw,20221116,9.1335,5.02709931229827,5.547066160531,10.849992808234347,-0.02904159048121473
145627,2459903.6901157,2,2149190115415,19.503620147705078,1.6082587,-21.6277628,19.116527557373047,0.16371294856071472,1.062091588973999,19.038799285888672,0.1860000044107437,19.1023006439209,0.25270000100135803,16.69045066833496,21.9689998626709,3.6600000858306885,1.3622392416000366,0.4171428680419922,0.0,19.100000381469727,ZTF22abvhoco,20221120,9.4259,5.07319315298649,5.539063958458,11.250345265855799,-0.02930787494504038
145627,2459907.6679861,2,2153167985415,19.41140365600586,1.5253875,-21.415549,19.420116424560547,0.1788829267024994,0.7993142604827881,19.748300552368164,0.361299991607666,20.034799575805664,0.6039000153541565,14.094039916992188,21.230998992919922,5.039999961853027,1.1479768753051758,0.5642856955528259,0.0,19.100000381469727,ZTF22abwviqq,20221124,9.6759,5.12065512295446,5.531153981971,11.526575056501603,-0.02958206310198995
145627,2459936.628831,2,2182128830515,19.01262092590332,2.3266385,-19.2678908,19.08646011352539,0.18200598657131195,1.1616441011428833,19.35930061340332,0.4729999899864197,18.816099166870117,0.3686999976634979,12.647316932678223,22.719999313354492,3.9600000381469727,1.1219838857650757,0.7285714149475098,0.0,19.299999237060547,ZTF22acajwtq,20221223,10.286,5.49539860902309,5.473817920588,11.037583394516478,-0.03174695903537314
145627,2460165.9704745,1,2411470472815,18.98590660095215,41.320176,-3.1510682,19.258350372314453,0.19785892963409424,1.3847155570983887,19.174299240112305,0.4205999970436096,19.111299514770508,0.5101000070571899,6.030465602874756,23.1560001373291,4.440000057220459,1.0362621545791626,0.5342857241630554,0.0,18.899999618530273,ZTF23aawrgbd,20230809,11.4761,4.80532618245049,5.04766709228,11.630356893801661,-0.02776040544454356
145627,2460169.9208796,2,2415420872815,20.372432708740234,41.6063846,-3.2417079,18.632535934448242,0.04967556893825531,1.0693031549453735,18.595399856567383,0.07540000230073929,18.59149932861328,0.09570000320672989,11.384106636047363,23.39699935913086,2.0899999141693115,1.0579310655593872,0.9685714244842529,0.0,18.799999237060547,ZTF23aaxjlwu,20230813,11.3693,4.74249885505654,5.040972471042,11.040101479738716,-0.027397451502348583
145627,2460169.976412,1,2415476412815,20.672334671020508,41.609951,-3.2430852,19.222808837890625,0.07970209419727325,1.6706961393356323,19.10140037536621,0.09369999915361404,19.092899322509766,0.11840000003576279,7.98729133605957,21.79199981689453,2.140000104904175,1.1009682416915894,0.9442856907844543,0.0,18.799999237060547,ZTF23aaxmtbu,20230813,11.3675,4.74162090367525,5.040878567552,11.630886064933776,-0.027392379570625364
145627,2460173.9473495,2,2419447342815,20.464141845703125,41.8521079,-3.3502515,18.891719818115234,0.08858121931552887,6.347781181335449,18.951499938964844,0.10029999911785126,18.872499465942383,0.11909999698400497,13.52859115600586,22.51099967956543,2.049999952316284,1.1377049684524536,0.9228571653366089,0.0,18.799999237060547,ZTF23aaymyqd,20230817,11.217,4.67930259731931,5.034178737598,11.337213643450838,-0.027032366246789778
145627,2460182.9626852,2,2428462682615,20.57452392578125,42.2271095,-3.6481184,18.599462509155273,0.06843426078557968,6.504517555236816,18.66670036315918,0.07270000129938126,18.70509910583496,0.09560000151395798,4.2462158203125,22.048999786376953,2.109999895095825,1.103225827217102,0.977142870426178,0.0,18.700000762939453,ZTF23aazygaw,20230826,10.7133,4.54222327498868,5.019078548079,11.135662876506496,-0.026240457972204968
145627,2460184.9415278,1,2430441522615,20.430818557739258,42.2760934,-3.7227067,19.40923309326172,0.13308370113372803,2.685642719268799,19.383100509643555,0.13689999282360077,19.48979949951172,0.19269999861717224,9.304430961608887,23.06599998474121,2.940000057220459,1.1464788913726807,0.8871428370475769,0.0,18.700000762939453,ZTF23abahoxi,20230828,10.5726,4.51316797768638,5.015784987303,11.96633369151716,-0.02607260530148111
145627,2460186.933588,2,2432433582615,19.621747970581055,42.3129621,-3.8008049,18.64139175415039,0.09313493221998215,1.9103010892868042,18.618200302124023,0.16019999980926514,18.583099365234375,0.1988999992609024,3.7876052856445312,22.812999725341797,1.75,1.0606532096862793,0.977142870426178,0.0,18.700000762939453,ZTF23abapguz,20230830,10.4201,4.48435849352558,5.012477128778,11.21986568708104,-0.025906172695121778
145627,2460186.9809838,1,2432480982615,19.529170989990234,42.3135492,-3.8027117,19.3049259185791,0.16864074766635895,1.0670253038406372,19.134199142456055,0.2678000032901764,19.213600158691406,0.3702000081539154,9.983030319213867,23.01799964904785,2.430000066757202,1.1242235898971558,0.8328571319580078,0.0,18.700000762939453,ZTF23abaprap,20230830,10.4163,4.48367865432664,5.012398521551,11.883913918709531,-0.025902245258963837
145627,2460192.9493519,2,2438449352615,20.046875,42.3479196,-4.0534189,18.31227684020996,0.06818637251853943,4.943477630615234,18.51930046081543,0.10459999740123749,18.447599411010742,0.12530000507831573,6.451182842254639,23.113000869750977,1.7599999904632568,1.0795261859893799,0.9728571176528931,0.0,18.600000381469727,ZTF23abazczd,20230905,9.8941,4.40032834766539,5.002535221326,10.95720611625434,-0.02542072991141184
145627,2460192.882581,1,2438382582615,19.831281661987305,42.3483304,-4.0504769,18.935964584350586,0.12025360018014908,2.0441155433654785,19.141599655151367,0.22300000488758087,19.17919921875,0.29600000381469727,6.620965480804443,23.02899932861328,1.6399999856948853,1.0902255773544312,0.9242857098579407,0.0,18.600000381469727,ZTF23abaxyqf,20230905,9.9005,4.40123450533391,5.002645175685,11.580140239478716,-0.02542596479106823
145627,2460195.900787,1,2441400782615,20.049114227294922,42.3227352,-4.1855738,19.18145179748535,0.11390552669763565,1.2630081176757812,19.01609992980957,0.13600000739097595,19.071199417114258,0.18310000002384186,6.122399806976318,23.01300048828125,2.5299999713897705,1.1660181283950806,0.8757143020629883,0.0,18.600000381469727,ZTF23abbqzsj,20230908,9.6008,4.36092374579612,4.997683896094,11.859946649427807,-0.025193089230480182
145627,2460195.9812153,2,2441481212615,20.137603759765625,42.3214483,-4.1892021,18.542831420898438,0.0644628256559372,2.8741841316223145,18.595600128173828,0.09059999883174896,18.613399505615234,0.11760000139474869,7.081233978271484,22.28499984741211,2.7300000190734863,1.1618257761001587,0.9342857003211975,0.0,18.600000381469727,ZTF23abbsgag,20230908,9.5925,4.35986827296345,4.997551939593,11.222248649928668,-0.025186991755999134
145627,2460198.8796412,1,2444379642615,20.376985549926758,42.2687109,-4.3234316,18.97171974182129,0.12134166806936264,3.68422532081604,18.909799575805664,0.09690000116825104,18.873199462890625,0.11940000206232071,5.481011390686035,22.165000915527344,2.630000114440918,1.0928571224212646,0.9485714435577393,0.0,18.5,ZTF23abciqio,20230911,9.2821,4.32251739819324,4.992805298477,11.684655762028516,-0.02497121547194246
145627,2460198.9774769,2,2444477472615,20.49431800842285,42.2661792,-4.328041,18.499225616455078,0.06567541509866714,9.194799423217773,18.510499954223633,0.06800000369548798,18.543500900268555,0.08900000154972076,9.986852645874023,23.052000045776367,2.069999933242798,1.0135135650634766,0.9828571677207947,0.0,18.5,ZTF23abclojz,20230911,9.2713,4.32128055432679,4.992645373933,11.213299835331778,-0.024964070215637145
145627,2460208.9908912,2,2454490891215,20.312122344970703,41.8732363,-4.8138797,18.112550735473633,0.06060353294014931,1.7926172018051147,18.096099853515625,0.0478999987244606,18.04990005493164,0.057999998331069946,7.398497581481934,22.959999084472656,2.5999999046325684,1.0682352781295776,0.9785714149475098,0.0,18.399999618530273,ZTF23abfzxff,20230921,8.0482,4.20388025464229,4.976381242917,10.945499285777638,-0.024285847802670655
145627,2460211.9008565,1,2457400851215,20.866703033447266,41.7011689,-4.957742,18.828882217407227,0.05648783966898918,2.584805727005005,18.84429931640625,0.06710000336170197,18.881399154663086,0.0877000018954277,12.771651268005371,23.148000717163086,1.649999976158142,1.0365853309631348,0.9642857313156128,0.0,18.399999618530273,ZTF23abgjtpo,20230924,7.6572,4.17349974779534,4.971693932186,11.696854132005356,-0.024110339386454883
145627,2460213.9407407,1,2459440741215,20.5666561126709,41.5653683,-5.0583752,18.965044021606445,0.07797244936227798,1.6666367053985596,18.86669921875,0.0786999985575676,18.744300842285156,0.08950000256299973,7.853448390960693,23.298999786376953,1.809999942779541,1.083726406097412,0.8914285898208618,0.0,18.299999237060547,ZTF23abhavvk,20230926,7.3762,4.15329671703489,4.968418802011,11.857569148737511,-0.023993626326024784
145627,2460215.9991204,1,2461499121215,19.453941345214844,41.4162166,-5.159283,18.50444984436035,0.09374033659696579,2.075700044631958,18.640199661254883,0.1670999974012375,18.38909912109375,0.17030000686645508,9.320298194885254,23.402000427246094,3.119999885559082,1.0866667032241821,0.9285714030265808,0.0,18.299999237060547,ZTF23abhlwka,20230928,7.0882,4.13385506895325,4.965122955492,11.421691518871391,-0.023881311779048238
145627,2460215.9195255,2,2461419521215,19.453506469726562,41.4224803,-5.1553728,17.908048629760742,0.06987717002630234,2.0668423175811768,18.075000762939453,0.10130000114440918,18.150299072265625,0.13899999856948853,4.323527812957764,22.764999389648438,2.009999990463257,1.1557142734527588,0.9528571367263794,0.0,18.299999237060547,ZTF23abhktzm,20230928,7.0994,4.13458889813397,4.965250233338,10.824336565276903,-0.023885551115736394
145627,2460217.8988773,2,2463398871215,18.99014663696289,41.2686664,-5.2516106,17.98051643371582,0.0870930626988411,1.7932649850845337,17.838600158691406,0.11670000106096268,17.900299072265625,0.15850000083446503,1.2966296672821045,22.900999069213867,2.950000047683716,1.0967378616333008,0.9028571248054504,0.0,18.299999237060547,ZTF23abhrptw,20230930,6.8198,4.11677634779797,4.962089145229,10.920453029141933,-0.023782647878671116
145627,2460221.8844792,1,2467384471315,19.6262149810791,40.9271738,-5.4415896,18.455280303955078,0.08782386779785156,1.1255933046340942,18.392200469970703,0.09529999643564224,18.43829917907715,0.12720000743865967,7.217747688293457,23.176000595092773,3.7699999809265137,1.034883737564087,0.8728571534156799,0.0,18.200000762939453,ZTF23abhyevy,20231004,6.2543,4.08373991544542,4.955749667795,11.44218730895436,-0.023591796160863203
145627,2460228.9033565,1,2474403350315,20.460617065429688,40.2311901,-5.7566791,18.493242263793945,0.07844673097133636,3.1895744800567627,18.554800033569336,0.05660000070929527,18.571399688720703,0.0722000002861023,13.2798433303833,21.75,3.4100000858306885,1.0784729719161987,0.9214285612106323,0.0,18.200000762939453,ZTF23abjhrpu,20231011,5.2943,4.03528283295628,4.944669902744,11.55845451862146,-0.023311859231405434
145627,2460231.8448843,1,2477344880315,20.48738670349121,39.9082909,-5.8783419,18.921592712402344,0.09301973134279251,4.845879554748535,18.91360092163086,0.0885000005364418,18.790700912475586,0.10050000250339508,12.23305892944336,23.16200065612793,2.630000114440918,1.1108033657073975,0.9471428394317627,0.0,18.100000381469727,ZTF23abjwiqf,20231014,4.93,4.0188599584248,4.940058965628,12.016565162728629,-0.02321698416189948
145627,2460235.8773495,1,2481377340215,20.725282669067383,39.4401316,-6.0322788,18.61922264099121,0.05998889356851578,3.76151180267334,18.648700714111328,0.06159999966621399,18.6200008392334,0.07590000331401825,5.173646450042725,22.858999252319336,2.299999952316284,1.0360360145568848,0.9828571677207947,0.0,18.100000381469727,ZTF23abljknk,20231018,4.4991,4.00023073006388,4.933769526955,11.750080862441662,-0.023109362969750896
145627,2460235.8180787,2,2481318070215,20.369518280029297,39.4473854,-6.0301455,17.993825912475586,0.05999420955777168,16.47045135498047,17.923599243164062,0.044599998742341995,17.896699905395508,0.054999999701976776,8.167885780334473,22.959999084472656,2.259999990463257,1.140969157218933,0.9599999785423279,0.0,18.100000381469727,ZTF23ablicgr,20231018,4.5047,4.00047152652749,4.933861705496,11.12420830424658,-0.02311075405272958
145627,2460239.9553125,1,2485455310215,20.362409591674805,38.942395,-6.1701251,18.440044403076172,0.07155841588973999,5.102538108825684,18.47089958190918,0.0608999989926815,18.51020050048828,0.07980000227689743,2.469480514526367,21.88599967956543,2.640000104904175,1.0233463048934937,0.991428554058075,0.0,18.100000381469727,ZTF23abmyjuv,20231022,4.1804,3.98605885596241,4.927446652873,11.598972008844475,-0.023027491946634376
145627,2460239.955787,1,2485455785715,20.289199829101562,38.9422978,-6.1701539,18.399816513061523,0.06886415928602219,1.3960120677947998,18.379100799560547,0.06159999966621399,18.387100219726562,0.07859999686479568,2.6295289993286133,21.930999755859375,2.490000009536743,1.0498783588409424,0.9814285635948181,0.0,18.100000381469727,ZTF23abmyjuv,20231022,4.1803,3.9860574829335,4.927445919371,11.558750784117747,-0.02302748401463605
145627,2460239.8653125,2,2485365315715,20.28371238708496,38.9538573,-6.1673043,17.778636932373047,0.04504944756627083,9.95478343963623,17.737300872802734,0.03709999844431877,17.76449966430664,0.0478999987244606,2.398435354232788,22.857999801635742,2.2300000190734863,1.0474308729171753,0.9800000190734863,0.0,18.100000381469727,ZTF23abmwudi,20231022,4.1858,3.98632044679963,4.927585787382,10.937058718971443,-0.02302900315886557
145627,2460239.8657755,2,2485365770215,20.36146354675293,38.9537975,-6.16731,17.796663284301758,0.046783316880464554,3.855081796646118,17.82539939880371,0.03869999945163727,17.79050064086914,0.0471000000834465,11.959705352783203,23.131000518798828,1.9800000190734863,1.0392706394195557,0.9857142567634583,0.0,18.100000381469727,ZTF23abmwudi,20231022,4.1858,3.98631909513538,4.927585071569,10.955086122635885,-0.023028995350291046
145627,2460244.7951505,2,2490295150715,19.412630081176758,38.3295467,-6.306861,17.749134063720703,0.05402039736509323,1.3334077596664429,17.726900100708008,0.08780000358819962,17.711299896240234,0.11089999973773956,10.595366477966309,22.589000701904297,1.7999999523162842,1.0119681358337402,0.9514285922050476,0.0,18.0,ZTF23abnlxkx,20231027,4.0087,3.97541349441988,4.919992063373,10.926837857615503,-0.022965993613055343
145627,2460244.8575694,1,2490357566015,19.134084701538086,38.3213281,-6.3084528,18.31106948852539,0.10788968950510025,1.1450868844985962,18.172500610351562,0.15230000019073486,18.05699920654297,0.17589999735355377,4.560556888580322,22.97800064086914,4.150000095367432,1.1453856229782104,0.6728571653366089,0.0,18.0,ZTF23abnmyuy,20231027,4.0081,3.97532016505079,4.919896276666,11.488900644121468,-0.022965454448589197
145627,2460244.8589931,1,2490358990715,19.20993423461914,38.3211707,-6.3084404,18.318124771118164,0.10605968534946442,1.519368290901184,18.08799934387207,0.13449999690055847,18.132400512695312,0.17990000545978546,12.796701431274414,22.441999435424805,2.2899999618530273,1.1949152946472168,0.7400000095367432,0.0,18.0,ZTF23abnmyuy,20231027,4.0081,3.97531804939078,4.919894091987,11.495958046611346,-0.02296544222640543
145627,2460244.7724769,2,2490272476015,19.147769927978516,38.3325426,-6.3063022,17.8521728515625,0.07444240152835846,2.6555912494659424,17.93269920349121,0.1143999993801117,17.941499710083008,0.1477999985218048,5.124014854431152,19.006000518798828,2.9100000858306885,1.0931603908538818,0.9214285612106323,0.0,18.0,ZTF23abnlrzy,20231027,4.0089,3.97544767377117,4.920026860038,11.029831250080441,-0.022966191067424438
145627,2460246.8325347,2,2492332536015,18.748397827148438,38.0662445,-6.3549002,17.760974884033203,0.0920625552535057,1.8253117799758911,17.80190086364746,0.1412000060081482,17.74799919128418,0.17249999940395355,11.665431022644043,22.60300064086914,3.819999933242798,1.1948717832565308,0.7471428513526917,0.0,18.0,ZTF23abnscck,20231029,4.0134,3.97294630235063,4.916870226932,10.941137927035909,-0.022951740625942404
145627,2460246.8571875,1,2492357186015,18.606626510620117,38.0627543,-6.3554514,18.52086639404297,0.19914375245571136,1.3921064138412476,18.38159942626953,0.24240000545978546,18.39310073852539,0.3149000108242035,5.532517910003662,23.06999969482422,5.519999980926514,1.5239726305007935,0.23428571224212646,1.0,18.0,ZTF23abnsftn,20231029,4.0137,3.97292376844173,4.916832511376,11.70104136547175,-0.022951610447381456
145627,2460251.8147685,1,2497314766115,19.731689453125,37.4165532,-6.4464166,18.49898338317871,0.08159080147743225,1.5801852941513062,18.41349983215332,0.09220000356435776,18.41230010986328,0.11779999732971191,7.226576328277588,23.107999801635742,4.139999866485596,1.0675272941589355,0.8671428561210632,0.0,18.0,ZTF23abolpyg,20231103,4.2168,3.97195233619266,4.909277088771,11.67159844595724,-0.022945998475983016
145627,2460253.8511343,1,2499351136115,20.118919372558594,37.150505,-6.4725534,18.516002655029297,0.0787496268749237,4.9296979904174805,18.473600387573242,0.08179999887943268,18.49370002746582,0.10620000213384628,6.847446441650391,22.836999893188477,2.299999952316284,1.0682110786437988,0.9642857313156128,0.0,18.100000381469727,ZTF23abozhnl,20231105,4.3708,3.97360507799949,4.906190483686,11.680552360939192,-0.022955546377813347
145627,2460257.7737731,2,2503273774815,19.495630264282227,36.642093,-6.5036104,17.807708740234375,0.0675182119011879,2.0812997817993164,17.867599487304688,0.05829999968409538,17.8262996673584,0.0714000016450882,8.873806953430176,21.791000366210938,4.309999942779541,1.044715404510498,0.7885714173316956,0.0,18.100000381469727,ZTF23abpqrnn,20231109,4.7597,3.98013868636873,4.900272696712,10.950270598263312,-0.02299329108243056
145627,2460259.7887384,2,2505288734815,19.608808517456055,36.3841612,-6.509314,17.74112892150879,0.06025505065917969,3.8290457725524902,17.80430030822754,0.05009999871253967,17.788999557495117,0.06270000338554382,5.760997295379639,22.466999053955078,3.7799999713897705,1.0262489318847656,0.8257142901420593,0.0,18.100000381469727,ZTF23abqcrqi,20231111,4.997,3.98519515002061,4.897247265471,10.86975739084958,-0.02302250231092207
145627,2460259.7121991,1,2505212194815,20.03458023071289,36.3941231,-6.5092582,18.409019470214844,0.08177299797534943,2.2815723419189453,18.343399047851562,0.07320000231266022,18.35449981689453,0.09399999678134918,8.970643997192383,23.29599952697754,3.9700000286102295,1.164194941520691,0.822857141494751,0.0,18.100000381469727,ZTF23abqbqqm,20231111,4.9876,3.98498217025951,4.897362008317,11.538204601906951,-0.023021271925242694
145627,2460261.7950926,1,2507295094915,20.217723846435547,36.1309369,-6.5078272,18.598682403564453,0.10230842977762222,3.725618600845337,18.587600708007812,0.08370000123977661,18.589500427246094,0.10660000145435333,0.6062433123588562,22.7549991607666,3.5399999618530273,1.2744860649108887,0.7528571486473083,0.0,18.100000381469727,ZTF23abqqjhr,20231113,5.2523,3.99136254724219,4.894244539418,11.712067631749495,-0.023058131410988964
145627,2460289.6483102,2,2535148310315,18.84649658203125,33.3545823,-5.7322796,18.389747619628906,0.15998755395412445,1.3207757472991943,18.527099609375,0.32429999113082886,18.305500030517578,0.33970001339912415,9.395384788513184,22.520999908447266,1.8899999856948853,1.1520979404449463,0.8285714387893677,0.0,18.399999618530273,ZTF23abssbea,20231211,9.165,4.18212621791236,4.853595517435,11.240646196434385,-0.024160174569106647
145627,2460289.6658681,2,2535165861415,18.954788208007812,33.3534095,-5.7314463,18.5084228515625,0.1476978212594986,1.7520382404327393,18.147300720214844,0.19380000233650208,18.14940071105957,0.2492000013589859,11.886744499206543,22.746000289916992,3.7899999618530273,1.1185617446899414,0.5685714483261108,0.0,18.399999618530273,ZTF23absskby,20231211,9.1671,4.18230050955008,4.853570518973,11.359154773525505,-0.0241611814532067
145627,2460289.7039005,1,2535203901415,20.128053665161133,33.3508186,-5.7294154,19.005826950073242,0.09757356345653534,1.2530217170715332,19.029199600219727,0.12880000472068787,19.166900634765625,0.1867000013589859,13.495987892150879,20.638999938964844,2.609999895095825,1.01024329662323,0.9399999976158142,0.0,18.399999618530273,ZTF23abssuvv,20231211,9.1718,4.18267824200703,4.85351637226,11.85619152798107,-0.024163363616447314
145627,2460291.6618403,2,2537161841415,19.997581481933594,33.2294154,-5.6235718,18.248550415039062,0.07023201137781143,2.9951257705688477,18.273000717163086,0.06480000168085098,18.26490020751953,0.08160000294446945,8.235610961914062,23.04599952697754,3.4600000381469727,1.0543932914733887,0.9114285707473755,0.0,18.399999618530273,ZTF23abtpbtm,20231213,9.4085,4.20248290658911,4.850733976169,11.08010646162839,-0.024277775312473198
145627,2460291.6972106,1,2537197211415,20.410308837890625,33.2272425,-5.6215947,18.822290420532227,0.09238918870687485,4.160521030426025,18.68239974975586,0.07190000265836716,18.657899856567383,0.08900000154972076,5.9974446296691895,20.1299991607666,2.7899999618530273,1.1238425970077515,0.9100000262260437,0.0,18.399999618530273,ZTF23abtpmkf,20231213,9.4127,4.20284704299116,4.850683804582,11.653507784393327,-0.024279878931202543
145627,2460291.6850926,1,2537185090315,20.344165802001953,33.2279221,-5.6222835,18.755048751831055,0.09028958529233932,2.032874345779419,18.731599807739258,0.07800000160932541,18.70949935913086,0.09719999879598618,8.249723434448242,20.20199966430664,2.630000114440918,1.0633213520050049,0.9528571367263794,0.0,18.399999618530273,ZTF23abtpfsj,20231213,9.4113,4.20272226348391,4.850700993185,11.586380553970749,-0.02427915807905205
145627,2460291.6546875,2,2537154680315,20.029226303100586,33.2297755,-5.6239766,18.21124839782715,0.05858137458562851,2.33272385597229,18.177799224853516,0.06279999762773514,18.146299362182617,0.07760000228881836,8.758573532104492,23.211999893188477,3.200000047683716,1.070588231086731,0.941428542137146,0.0,18.399999618530273,ZTF23abtostw,20231213,9.4077,4.2024092956799,4.850744122577,11.04287089332334,-0.024277350061697865
145627,2460305.671794,1,2551171790015,19.167858123779297,32.7160935,-4.6960824,18.77227020263672,0.11759943515062332,1.1256119012832642,18.88050079345703,0.2782000005245209,18.896699905395508,0.3628999888896942,8.974263191223145,23.148000717163086,2.950000047683716,1.0231958627700806,0.8942857384681702,0.0,18.5,ZTF23abvngny,20231227,10.7987,4.36195157897563,4.831121775375,11.475939151397846,-0.025199027030477352
145627,2460314.6189236,1,2560118921915,20.145475387573242,32.7271048,-3.9683933,19.436006546020508,0.1583971530199051,1.4912354946136475,19.355499267578125,0.16500000655651093,19.24839973449707,0.1915999948978424,9.088409423828125,23.072999954223633,3.0999999046325684,1.1138789653778076,0.8671428561210632,0.0,18.600000381469727,ZTF24aaadttn,20240105,11.3851,4.47629226044359,4.818875292115,12.066252017749214,-0.02585957400602883
145627,2460571.9527894,2,2817452784915,19.423612594604492,81.2194319,14.9916704,18.224716186523438,0.10520175844430923,4.6618547439575195,18.539400100708008,0.16740000247955322,18.406299591064453,0.1889999955892563,2.2281343936920166,16.905000686645508,2.890000104904175,1.0306569337844849,0.8028571605682373,0.0,18.399999618530273,ZTF24abibird,20240918,12.6402,4.39556813285186,4.580128317607,10.957498305032765,-0.025393230114684345
145627,2460571.9818171,1,2817481814915,19.412994384765625,81.2220973,14.9920451,18.782085418701172,0.1708751916885376,1.4284858703613281,19.10580062866211,0.30300000309944153,19.097299575805664,0.3862000107765198,7.3798909187316895,18.437000274658203,2.190000057220459,1.2245283126831055,0.6571428775787354,0.0,18.399999618530273,ZTF24abibnly,20240918,12.6397,4.39512084320224,4.580115828819,11.515112945993117,-0.025390646119019294
145627,2460576.0287963,2,2821528794815,19.302833557128906,81.5731487,15.0439913,18.284330368041992,0.13109523057937622,2.278587579727173,18.39699935913086,0.16329999268054962,18.399499893188477,0.210099995136261,7.402291774749756,17.472000122070312,2.5,1.1523077487945557,0.8657143115997314,0.0,18.399999618530273,ZTF24abinfha,20240922,12.5467,4.33295302457305,4.578410844002,11.052547806515559,-0.025031502163911323
145627,2460575.9255671,1,2821425564815,19.176855087280273,81.5651376,15.042599,18.847900390625,0.17631714046001434,0.9999082684516907,19.02050018310547,0.27549999952316284,19.015899658203125,0.3522000014781952,6.172774791717529,21.076000213623047,5.389999866485596,1.2419533729553223,0.5657142996788025,0.0,18.399999618530273,ZTF24abimquf,20240922,12.5497,4.33453311169492,4.578453439965,11.615194564341284,-0.025040630339080997
